,ID,A/c Bal,Fixed Deposit,Active Loans,Level of Referees,Paid Loans
0,7093,7802472,47000,[830000],"[4, 3]","[2560000, 1500000, 4210000]"
1,7821,4047435,65000,[],"[3, 4, 1]","[8380000, 1130000, 3830000, 1320000, 480000]"
2,3077,6040414,100000,[],"[4, 1]","[3570000, 5570000, 8120000]"
3,4443,5989314,45000,[7550000],"[2, 5]","[8530000, 5120000, 6080000]"
4,3117,9777921,86000,[4610000],[],"[860000, 4040000, 2170000]"
5,4730,7917150,18000,[50000],[],"[6480000, 4600000, 1330000]"
6,4853,665816,59000,[],[],"[5760000, 3940000, 5000000, 5910000]"
7,5665,1479939,34000,[6920000],[2],"[2520000, 6220000, 1950000]"
8,3615,4264739,6000,[8710000],"[3, 4, 2]","[7550000, 2900000, 5310000]"
9,1483,6830214,37000,[],"[4, 2, 2]","[5290000, 9650000, 3390000, 1310000, 7630000]"
10,8337,6995425,30000,[],"[2, 4]","[5220000, 3010000, 5630000, 4100000]"
11,5109,9798402,23000,[],[],"[5680000, 5250000, 3780000]"
12,8131,1295748,75000,[],[5],[]
13,3175,7821825,80000,[],"[1, 3, 5]",[7560000]
14,2542,781022,33000,[9230000],"[4, 4, 3]",[2890000]
15,3036,4931570,80000,[4300000],"[2, 3, 2]",[]
16,5524,7045217,17000,[8680000],[],[]
17,3973,3038242,12000,[4840000],"[2, 3, 3]",[]
18,7731,3110549,98000,[1970000],"[3, 1]","[1410000, 2170000]"
19,1690,6779995,90000,[],"[2, 3, 4]","[7860000, 450000, 8960000, 2170000, 3990000]"
20,7013,7669954,66000,[4900000],"[4, 1]","[3670000, 7100000, 4560000]"
21,7337,2500068,34000,[],"[2, 1]","[310000, 5730000, 9580000, 6110000]"
22,7767,3868483,85000,[9330000],[2],[]
23,1400,4448527,85000,[],"[4, 1]",[6260000]
24,9724,8166239,35000,[6830000],"[3, 2, 1]","[6600000, 9760000]"
25,5026,194714,23000,[],"[2, 5, 2]",[2060000]
26,6075,9145644,9000,[],[3],"[9050000, 2110000, 6250000, 7200000, 4340000]"
27,7108,8871459,73000,[],[],"[5440000, 7730000, 330000]"
28,7279,1772186,28000,[],[5],"[7350000, 3410000, 8670000, 9280000, 3630000]"
29,1870,6109089,14000,[2160000],"[1, 1, 2]",[3690000]
30,8270,7610660,83000,[2020000],[],[]
31,4588,3160063,51000,[],[],"[5800000, 3580000, 990000]"
32,8278,8722906,0,[9120000],[],[980000]
33,8920,7775599,7000,[],[],"[4790000, 6260000, 7800000, 2690000]"
34,8526,4138136,30000,[],[],[]
35,3649,7122597,6000,[],[],"[9620000, 6210000, 1710000, 6700000]"
36,6978,5835339,18000,[8160000],"[1, 3]","[6330000, 6190000, 8530000]"
37,2976,2594616,81000,[],[2],[4940000]
38,6480,6939525,58000,[],"[1, 2]","[3060000, 7840000, 490000, 4270000]"
39,8328,9065138,94000,[],"[2, 1, 4]","[3490000, 1840000, 2550000, 2450000, 8530000]"
40,7466,2918581,13000,[7750000],[],"[1590000, 4380000, 2700000, 420000, 7960000]"
41,1302,701716,22000,[8380000],[],"[8470000, 7540000, 7080000, 8380000, 7920000]"
42,4740,303293,97000,[4570000],"[1, 5, 3]",[5790000]
43,1194,6110317,40000,[],"[2, 1, 4]","[720000, 6240000]"
44,4892,1696014,66000,[3790000],[],"[7930000, 9440000, 7370000]"
45,7079,8878909,62000,[],[2],"[970000, 990000, 5650000, 9350000]"
46,5089,7680674,90000,[3290000],"[5, 1, 5]","[5250000, 6260000]"
47,8548,2629142,7000,[2820000],[],[]
48,9102,1297983,13000,[4360000],[],"[5930000, 1940000, 6620000, 7780000]"
49,6268,430690,2000,[3060000],[],[]
50,8030,4101576,71000,[],[],"[3790000, 2770000, 2340000]"
51,3931,6159340,51000,[],[],"[6370000, 6890000]"
52,3950,5869232,8000,[5120000],"[1, 4]","[9800000, 5380000]"
53,3075,282227,11000,[],[5],"[8760000, 3630000, 8220000, 2250000]"
54,5691,2065469,23000,[],[],"[8720000, 1070000, 4710000, 1360000, 5170000]"
55,5941,3156660,86000,[],[],"[2980000, 120000, 8890000, 320000]"
56,7106,8865005,3000,[],[],"[8940000, 4580000, 2230000, 3930000]"
57,5602,6679443,69000,[2490000],"[4, 2]","[8190000, 130000, 5900000]"
58,7451,1358366,64000,[2480000],[],"[3320000, 100000, 1980000, 9000000]"
59,6140,4271973,11000,[7110000],[],[6100000]
60,5860,6310779,0,[5250000],[2],"[3200000, 8930000, 9600000, 5690000, 1000000]"
61,1975,8282944,22000,[2730000],"[5, 1, 4]","[5970000, 1400000]"
62,2085,845128,100000,[],"[2, 1]",[3890000]
63,3802,5364912,77000,[9390000],"[1, 1, 2]","[2240000, 9140000, 470000, 1300000]"
64,7489,7107346,91000,[2620000],[4],[8260000]
65,2032,1135435,32000,[6940000],"[1, 2, 4]",[6700000]
66,5052,3985329,39000,[],[],[6540000]
67,4896,7074586,97000,[1510000],"[5, 2, 3]","[6390000, 1350000, 2850000]"
68,3924,491015,100000,[],"[1, 1, 3]","[1370000, 3130000, 2790000]"
69,1198,2386389,73000,[4930000],"[3, 3, 3]",[]
70,5988,5618464,24000,[],[3],"[7200000, 4120000, 370000]"
71,7585,9474873,83000,[],[],[]
72,4327,2446877,94000,[4010000],[],[7470000]
73,2107,1297113,86000,[6690000],"[4, 3, 5]","[8290000, 3730000]"
74,5188,5394112,87000,[],[],"[4980000, 9190000]"
75,7451,2225675,51000,[3280000],"[1, 5, 3]","[2770000, 6220000]"
76,6212,236833,2000,[],"[4, 3, 5]","[6140000, 550000, 8800000, 440000]"
77,1864,8724,80000,[2360000],[],"[3770000, 8850000, 3750000]"
78,4098,8995900,0,[2040000],"[3, 1, 2]",[4420000]
79,2492,7929972,49000,[8530000],"[5, 3, 5]",[3850000]
80,6895,8531108,82000,[],[1],"[1170000, 4380000, 3790000, 7980000, 1510000]"
81,4091,3955634,62000,[5150000],"[5, 4, 5]",[3370000]
82,5491,7682406,30000,[],[],"[3110000, 8550000, 6390000, 1800000, 8130000]"
83,3790,3975873,9000,[],[],"[7230000, 1740000, 5180000, 4240000]"
84,5075,5089058,100000,[2270000],[5],"[6660000, 650000, 790000]"
85,7264,9157202,5000,[4830000],"[3, 4]","[7350000, 140000, 8860000]"
86,1990,2971381,92000,[],"[5, 4, 5]",[9960000]
87,4503,7681470,37000,[],"[1, 3, 3]",[1840000]
88,1102,1759446,30000,[],"[4, 4]","[9500000, 5310000, 9700000]"
89,7609,537833,23000,[],"[5, 5]","[1540000, 5840000, 8140000]"
90,8654,698063,21000,[],"[1, 2, 3]","[2310000, 5080000, 4170000, 5070000]"
91,9794,5631321,57000,[],"[2, 2]",[]
92,4316,8413262,99000,[6010000],[],"[6280000, 2930000, 8960000, 7070000, 1190000]"
93,1219,7862228,88000,[],[],[]
94,4537,455826,0,[1890000],"[5, 4, 2]","[890000, 2260000, 9770000, 7260000]"
95,8723,9375351,95000,[9840000],"[3, 1]","[4060000, 6870000]"
96,5064,6983321,31000,[],"[1, 4]","[10000, 8830000, 4080000, 1330000]"
97,5474,2616625,68000,[],[],"[7780000, 220000]"
98,9360,5901521,69000,[],"[3, 5]",[6140000]
99,8316,8978915,4000,[5950000],[],"[3370000, 480000, 420000]"
100,2611,5677421,63000,[],"[2, 4]","[7100000, 9760000, 7280000, 1370000]"
101,8907,381959,93000,[],"[3, 2, 3]","[2810000, 4760000, 8460000, 1160000, 4310000]"
102,4039,6429244,86000,[],[],"[7400000, 5360000, 6860000, 0, 9420000]"
103,7910,5673735,97000,[],"[2, 4, 4]","[7500000, 8110000, 2050000]"
104,6282,6082053,46000,[4760000],"[3, 1, 3]",[300000]
105,2148,5694474,75000,[7410000],[5],[6260000]
106,6694,3300865,33000,[],[],[6030000]
107,6247,2266613,51000,[],"[1, 4, 5]","[9450000, 520000, 6200000, 3580000, 4200000]"
108,8098,4588481,71000,[],[3],[]
109,8247,9310567,91000,[],"[4, 1]","[7390000, 410000, 6490000]"
110,7107,7404790,40000,[],"[3, 3, 3]",[3610000]
111,9378,3856962,13000,[],[],[]
112,8724,3852059,37000,[2710000],[1],[2750000]
113,7385,8254623,31000,[],[],[]
114,3775,9110587,24000,[1390000],"[1, 2, 1]","[7980000, 810000]"
115,7567,3152811,60000,[9540000],"[3, 3, 2]","[3570000, 220000]"
116,6915,8567498,70000,[],"[1, 5]","[5570000, 5220000]"
117,2497,8170983,86000,[],[],"[5100000, 8210000, 690000, 570000, 1370000]"
118,6229,7161003,4000,[],[5],"[6890000, 4260000, 1420000, 1140000]"
119,3987,3102862,20000,[7470000],[],"[5260000, 3040000, 7510000, 6740000, 180000]"
120,7448,708670,10000,[],"[1, 4]","[7870000, 4080000, 5690000]"
121,1091,1695333,31000,[6760000],"[1, 4, 2]","[680000, 2230000, 7800000, 2960000, 2900000]"
122,8658,7931078,32000,[1760000],[3],"[2930000, 8050000, 9650000]"
123,3809,6175617,100000,[6790000],[],[850000]
124,9462,4570530,68000,[8620000],[5],[]
125,3927,7219930,17000,[],[5],[2790000]
126,3478,7280889,97000,[],"[1, 2, 4]","[9080000, 3750000, 8480000, 4030000]"
127,6597,8785985,39000,[],"[2, 4, 2]","[2510000, 6880000, 7980000]"
128,5511,6723294,41000,[4430000],"[1, 4, 3]","[5320000, 5570000]"
129,1401,8582282,50000,[],[2],"[1290000, 1990000, 1850000, 1120000, 1460000]"
130,2270,3891956,73000,[],[2],"[60000, 8450000, 8480000]"
131,4125,8516320,13000,[],[5],[5870000]
132,9344,905826,9000,[3650000],"[3, 3, 5]",[]
133,5014,2955304,30000,[3880000],"[3, 2]",[]
134,7818,7075105,80000,[620000],[],"[4670000, 4060000, 9980000, 5640000]"
135,1277,9260865,50000,[],[],[6960000]
136,4535,9729206,85000,[9500000],[5],"[9350000, 9040000, 5960000]"
137,5930,7645424,60000,[],"[3, 3]","[7660000, 780000]"
138,1177,7646433,13000,[2730000],[],"[6550000, 1160000, 2730000, 710000]"
139,3511,1090138,20000,[],"[2, 1, 4]",[6180000]
140,4499,6473957,88000,[],[],"[250000, 4600000, 5710000]"
141,2565,6781708,95000,[5960000],[],"[6960000, 2280000]"
142,7042,2427182,20000,[],[3],"[4840000, 6800000]"
143,4541,7168929,88000,[9660000],"[3, 3]",[850000]
144,9981,5400768,26000,[],"[2, 1]",[]
145,8977,6298989,85000,[2770000],"[5, 1]","[4900000, 4290000, 3820000, 2490000]"
146,8807,9545626,66000,[8880000],[5],"[5310000, 4890000, 9450000]"
147,7990,5553170,99000,[3350000],"[2, 5]","[2990000, 5370000, 5580000, 2390000, 7240000]"
148,5833,1367154,31000,[8030000],[],"[160000, 5260000]"
149,7665,2183899,9000,[],"[2, 2]",[]
150,1332,631832,20000,[],[],"[120000, 7110000, 9080000]"
151,7953,1578542,64000,[],[],"[5810000, 8290000, 530000]"
152,9487,2976254,30000,[9280000],"[2, 4, 3]","[6920000, 5420000]"
153,2657,5930265,17000,[],"[4, 3, 3]",[5130000]
154,7885,1194444,36000,[6640000],"[5, 3]","[8440000, 7200000, 4880000, 5480000, 2920000]"
155,3178,9430101,79000,[430000],[],"[8870000, 2020000, 2570000, 2910000]"
156,5176,4142701,26000,[4920000],"[5, 4, 3]",[6010000]
157,9682,1166064,43000,[],[3],[3050000]
158,3601,3161480,50000,[1400000],[4],"[6860000, 1290000, 5090000]"
159,8968,4677675,45000,[5310000],[3],"[2150000, 1150000, 5460000, 800000]"
160,3044,157246,44000,[],[4],"[7570000, 4040000, 5540000, 6720000, 9240000]"
161,9673,787043,41000,[5620000],"[4, 3]",[720000]
162,7588,9050747,38000,[],"[5, 2, 3]","[5500000, 680000]"
163,9293,9673838,100000,[],"[1, 3]","[9840000, 2030000, 7670000]"
164,4719,426362,82000,[8740000],"[2, 3]","[4450000, 7480000, 3230000, 4870000]"
165,7182,639072,11000,[4380000],[],[]
166,8681,3820154,93000,[1040000],[],[]
167,4428,8728494,5000,[3940000],"[2, 5, 4]","[7120000, 3470000]"
168,4496,4476998,1000,[7990000],[1],"[6380000, 8030000, 8450000]"
169,4273,5594341,95000,[],[2],"[230000, 4700000]"
170,5410,1554296,20000,[7590000],[],"[6360000, 890000]"
171,4370,8821488,94000,[],"[4, 4]","[1510000, 5870000, 7970000]"
172,9434,4313292,47000,[5610000],[],[8390000]
173,6454,6038920,46000,[7130000],[2],"[8620000, 6100000, 3570000, 9100000]"
174,7095,4165610,5000,[4610000],"[4, 4]","[1870000, 8580000, 3210000, 3700000, 9870000]"
175,8712,9278607,51000,[3850000],[3],[]
176,8230,34846,79000,[3930000],[],"[5880000, 5900000]"
177,7246,8110717,39000,[],"[4, 1]",[]
178,4060,5604181,2000,[],"[1, 5]",[970000]
179,9003,7779839,55000,[3320000],[],[]
180,2583,8943880,10000,[3710000],[],"[1890000, 6670000]"
181,8097,3203283,91000,[4520000],"[1, 2]","[7070000, 8470000, 5690000]"
182,6663,7287114,79000,[],"[5, 1, 3]","[2960000, 5710000]"
183,2426,1204276,53000,[],"[3, 4, 5]","[1860000, 6950000, 250000]"
184,4778,391072,100000,[300000],[3],"[8110000, 3390000, 8830000]"
185,9058,4479474,95000,[],[2],"[100000, 1470000, 9480000, 7040000]"
186,1850,1812256,20000,[],"[2, 3]",[]
187,6774,5571230,88000,[],[],[4770000]
188,3584,5938056,70000,[],[],"[6710000, 2910000, 4540000, 3880000, 70000]"
189,3530,6911603,40000,[],"[1, 3]","[3430000, 6700000, 1460000, 8250000]"
190,8667,3405229,58000,[7530000],"[3, 2]",[]
191,8533,6456659,49000,[],"[3, 1]","[3200000, 5180000, 1630000, 9620000, 1270000]"
192,2789,2695350,33000,[],"[2, 1]","[7860000, 840000, 650000, 8220000]"
193,7546,5819912,2000,[5060000],[],"[5130000, 6780000, 5850000, 900000]"
194,5889,5397723,73000,[],"[5, 1, 2]","[9910000, 8270000, 2590000, 7310000]"
195,6754,6915349,88000,[6120000],"[1, 4, 3]","[9370000, 5580000]"
196,4750,8844526,60000,[5670000],"[2, 4]","[1590000, 7570000, 9950000, 3310000]"
197,2345,5248404,53000,[],"[2, 2, 3]","[7440000, 9980000, 430000, 5580000, 8010000]"
198,8945,6080387,54000,[8280000],"[5, 2, 2]",[5460000]
199,6138,6734074,48000,[7930000],[],"[200000, 9530000, 240000, 2530000, 8650000]"
200,4094,7171006,98000,[],"[3, 1]",[]
201,1479,4701595,62000,[3330000],[4],"[9670000, 5830000, 5830000, 1030000]"
202,5078,1207316,57000,[],"[3, 2, 3]","[4120000, 3000000, 3790000]"
203,9431,2815931,90000,[5080000],[],"[2020000, 1730000, 2220000, 3790000]"
204,6726,3669847,4000,[1860000],[5],"[6590000, 1320000, 2110000, 3020000]"
205,9836,4040375,11000,[3850000],"[3, 2]","[800000, 3660000, 4800000, 5650000, 1980000]"
206,9002,7435498,90000,[8660000],"[3, 5, 2]","[3630000, 9510000, 5980000, 7710000, 5660000]"
207,8997,3854807,10000,[],[],"[3180000, 9390000]"
208,6064,6399319,96000,[3530000],"[5, 4, 5]",[3200000]
209,7546,8473247,95000,[1900000],"[1, 3]","[4390000, 7980000, 8470000, 240000]"
210,9001,2747483,72000,[],"[5, 3]",[]
211,4259,3785717,51000,[],[],"[80000, 2880000, 1060000]"
212,4796,8554036,66000,[3560000],[],"[2730000, 2450000, 360000, 2640000]"
213,2813,2856112,78000,[],[],"[1950000, 5660000]"
214,3325,392091,100000,[],[5],[7720000]
215,8432,3190696,76000,[],"[3, 4, 1]","[9490000, 8270000]"
216,2313,4314039,32000,[310000],[5],"[3430000, 1430000, 9490000]"
217,6679,1069574,58000,[6790000],[],"[1810000, 7060000, 6620000, 780000]"
218,1014,7335762,52000,[],"[3, 3, 3]","[2860000, 7870000]"
219,5943,5954950,26000,[],"[3, 5]",[5030000]
220,7660,8769235,0,[8280000],[],"[7160000, 4850000, 7770000, 9790000]"
221,6607,2195335,53000,[4660000],"[4, 5]","[8930000, 7930000, 9720000]"
222,1366,2550104,10000,[2230000],"[1, 3, 3]",[]
223,2180,3265345,4000,[7510000],[],"[7220000, 2140000]"
224,7586,1124685,67000,[2410000],"[4, 2, 4]","[3780000, 1300000]"
225,6549,5469073,1000,[5410000],"[4, 4, 5]","[4730000, 3830000, 6190000]"
226,5691,1990845,87000,[7840000],[1],[5830000]
227,1572,424051,65000,[3550000],[2],"[8370000, 4210000]"
228,6071,7183520,46000,[6550000],[],[]
229,7051,2863762,63000,[7290000],"[4, 1, 3]",[8630000]
230,3364,8919147,95000,[],"[3, 2]",[4990000]
231,7261,9451524,72000,[6780000],"[5, 1]","[7820000, 8580000, 150000, 8830000]"
232,6227,4938398,27000,[],"[1, 1]","[1760000, 9200000]"
233,8893,4576881,27000,[],"[5, 3, 3]","[2650000, 1810000, 1060000, 8360000, 6300000]"
234,7507,2399000,65000,[],[4],"[1660000, 9040000, 7440000]"
235,3703,1549357,50000,[8750000],[],"[3430000, 6070000, 9790000]"
236,9243,9738983,24000,[],"[3, 3, 5]","[6970000, 2100000, 6380000]"
237,6155,919194,99000,[],[5],"[6710000, 3200000, 2620000]"
238,9797,9538574,55000,[3380000],"[2, 3]",[]
239,9093,7221169,74000,[2970000],"[4, 3, 4]",[]
240,6695,2588979,61000,[],"[3, 1]","[4550000, 190000]"
241,8036,6821082,78000,[1860000],"[1, 5]","[7010000, 1300000, 1450000, 5870000]"
242,5396,8711652,4000,[8590000],"[3, 1, 1]",[]
243,7529,5798608,76000,[],[],"[3870000, 8090000]"
244,3917,7986023,68000,[7460000],[],"[6360000, 1380000]"
245,1658,1997303,18000,[],[4],[5310000]
246,8194,4541207,8000,[770000],"[2, 1, 3]","[6910000, 3270000, 9910000, 7040000, 4380000]"
247,1427,5897513,15000,[],[],[8640000]
248,3807,3659947,100000,[210000],[3],"[1660000, 1010000]"
249,8825,3255696,25000,[],[2],"[4380000, 1610000, 7380000, 780000]"
250,1960,4678319,37000,[],"[3, 2]",[330000]
251,9580,3056452,59000,[8780000],"[5, 2, 1]",[7680000]
252,9755,870566,28000,[],[4],"[1060000, 8130000, 1080000]"
253,8583,1980371,82000,[],"[3, 4, 1]",[6140000]
254,8667,1232962,18000,[],"[2, 4, 5]","[9350000, 7830000, 6110000, 7300000, 4370000]"
255,3611,2499866,63000,[5540000],"[3, 4, 3]","[9060000, 4320000, 3190000, 8970000, 2500000]"
256,2554,2918630,27000,[7970000],"[4, 1]","[380000, 320000]"
257,5273,6718982,95000,[],"[2, 5]","[8200000, 6740000, 1200000, 3730000]"
258,2298,6956513,85000,[],"[4, 3]",[]
259,6120,7295567,8000,[],"[3, 3, 2]","[3410000, 9430000, 6940000, 4380000]"
260,8907,9396572,5000,[8300000],[5],"[4340000, 9800000]"
261,9911,4551380,34000,[],"[3, 4]",[3900000]
262,2473,843142,83000,[],"[3, 4]","[4200000, 1170000]"
263,3892,6173349,70000,[4680000],[],[6170000]
264,4298,2596765,96000,[1510000],[1],"[7710000, 2550000, 6890000]"
265,9860,2742548,66000,[8360000],[5],[]
266,6044,5091181,96000,[720000],"[2, 2]","[3020000, 9410000, 1920000, 3700000]"
267,4741,3902341,26000,[6780000],[],"[9720000, 7250000]"
268,1119,847630,78000,[],[4],"[550000, 3750000, 2920000, 2060000]"
269,4521,8125238,28000,[],"[5, 5, 4]",[2010000]
270,1330,6023099,60000,[3410000],[],"[6630000, 9110000, 2580000, 6960000]"
271,9004,9491194,29000,[],[1],"[8920000, 7060000, 5820000, 2350000]"
272,8214,2507459,50000,[],[],[4150000]
273,4613,6370241,40000,[],[],"[6700000, 6930000]"
274,5651,9490617,48000,[710000],"[5, 3]","[5130000, 4910000]"
275,3039,7684073,59000,[8160000],[],[6000000]
276,9257,6168012,96000,[],"[5, 3]",[]
277,9792,958027,17000,[1000000],"[3, 1, 4]","[3510000, 7460000, 4840000, 610000, 5380000]"
278,3931,5367817,70000,[],"[5, 3]",[]
279,6009,3545225,51000,[7730000],"[3, 5]","[8900000, 7800000]"
280,7869,9671049,78000,[],"[2, 2, 2]","[300000, 5650000, 370000, 5580000]"
281,2219,1759603,51000,[],[5],[3100000]
282,3347,5990907,37000,[9710000],"[1, 1, 2]","[7710000, 7790000, 9480000, 5010000, 4070000]"
283,3299,7251814,49000,[],[1],"[3290000, 9420000, 4410000]"
284,8878,6876175,2000,[5180000],"[2, 5]","[5810000, 9890000, 2640000, 4950000]"
285,2694,8122136,67000,[],"[1, 2, 1]","[3710000, 1570000]"
286,6250,8706453,37000,[310000],[],[9560000]
287,6711,5343820,46000,[],[],"[9220000, 9000000, 3990000, 500000, 6410000]"
288,2876,5726371,58000,[],[],"[2790000, 7830000, 1970000]"
289,8395,2437910,62000,[],[],"[4080000, 3260000, 9510000]"
290,6307,8341522,82000,[3480000],"[3, 2]",[]
291,7559,4792491,38000,[],[],"[2540000, 7800000, 4670000, 8380000]"
292,6106,9551584,95000,[6370000],[],"[4880000, 4380000, 4410000, 4900000, 4350000]"
293,6724,8074908,2000,[8610000],[],"[7180000, 1120000, 9410000]"
294,9922,5116612,83000,[4310000],"[3, 1]",[3690000]
295,9398,5182953,71000,[6750000],[],[4040000]
296,2360,6857382,19000,[],[3],"[640000, 5660000, 7530000, 0, 2550000]"
297,7963,550963,47000,[],[],[]
298,2315,3785263,98000,[],"[2, 5, 3]","[4510000, 5140000, 2640000, 3800000]"
299,8015,7029361,4000,[],"[3, 2, 4]",[]
300,8425,2018126,46000,[],[2],[]
301,3624,4290572,26000,[],[3],"[9430000, 7350000, 1940000]"
302,8734,6248227,1000,[],[1],[20000]
303,4080,2514359,96000,[],[3],[]
304,2091,2183984,73000,[],"[4, 2, 4]","[9160000, 7830000, 1570000, 8330000, 1210000]"
305,8046,3531580,41000,[4800000],"[2, 4]",[9630000]
306,9869,8010553,62000,[],[],"[3780000, 4470000, 2720000, 7600000]"
307,1657,5480153,53000,[8010000],"[5, 4]",[]
308,5208,4894047,48000,[2840000],[3],"[2650000, 2000000, 2740000, 7630000]"
309,8620,8297762,30000,[],"[4, 4]","[8340000, 9740000]"
310,8031,4883990,62000,[],"[5, 5]","[2310000, 8960000, 50000]"
311,5955,8469531,9000,[],"[5, 1]","[470000, 7150000, 6160000]"
312,2667,4170575,14000,[],[1],[]
313,7075,2712258,31000,[3780000],"[4, 1]","[3910000, 7000000, 4820000]"
314,9032,7267775,60000,[],[],[]
315,7019,779876,75000,[],"[4, 4, 1]","[8180000, 8660000, 1120000]"
316,7821,9362065,67000,[],[5],"[6170000, 4360000, 1350000, 5580000]"
317,1537,3195815,98000,[3740000],[],[]
318,4688,8312185,86000,[2990000],"[5, 2]","[6650000, 3770000, 4800000, 2410000, 9050000]"
319,6083,4023696,46000,[1550000],"[4, 1, 2]","[7160000, 7750000, 720000, 6160000]"
320,4867,6519121,93000,[9760000],[5],"[3720000, 4420000, 240000, 960000]"
321,6391,9672776,34000,[9840000],"[5, 3]",[]
322,3233,5856311,11000,[4740000],"[5, 1]","[600000, 4800000, 3800000, 7140000]"
323,8675,6245394,83000,[],[2],[]
324,7233,5979892,19000,[],[5],"[6590000, 4470000, 8390000, 9580000]"
325,4469,1592477,20000,[],"[5, 2, 5]","[4160000, 5410000, 3120000]"
326,9945,3691861,23000,[5460000],[],"[4920000, 7860000, 1710000, 3720000]"
327,6678,3162592,46000,[5600000],[1],[5930000]
328,3532,4271642,92000,[6770000],"[4, 5]","[4360000, 920000, 6790000, 2880000, 6660000]"
329,1552,5316441,13000,[7770000],"[5, 5]",[3180000]
330,2310,626451,94000,[6350000],"[4, 5, 2]","[540000, 8000000, 9320000, 5890000]"
331,9700,9681482,46000,[1820000],"[2, 2, 3]",[]
332,2136,137068,99000,[],"[3, 4]",[3430000]
333,8259,3437421,31000,[],"[1, 4, 1]","[9400000, 3790000, 1560000]"
334,9528,2712850,53000,[],[2],[]
335,3235,5781202,71000,[],[1],[]
336,1022,895527,44000,[8700000],[2],[8570000]
337,7230,1354557,82000,[],"[5, 4, 2]","[5480000, 4370000, 970000, 4000000, 200000]"
338,3827,3715295,10000,[],[],"[4930000, 1520000, 560000, 760000, 5040000]"
339,4685,6672825,93000,[8240000],[5],[7650000]
340,1865,352005,63000,[9390000],[1],"[750000, 4750000, 6150000, 8500000]"
341,2998,1342367,1000,[],[],"[3090000, 4030000, 5940000]"
342,8068,6103182,36000,[4040000],[4],"[8500000, 280000]"
343,9511,7339090,69000,[4050000],[2],[2740000]
344,2582,7457651,80000,[],"[1, 3]","[6910000, 6960000, 7580000]"
345,8492,1163328,91000,[],"[1, 5]","[2120000, 4330000, 9830000]"
346,8193,153071,10000,[3760000],"[3, 5, 4]",[4570000]
347,4306,1774254,48000,[],[],"[9160000, 1390000, 6820000]"
348,9052,807868,30000,[],"[5, 1]","[7670000, 3700000, 8910000]"
349,5138,4639964,90000,[8860000],"[4, 2, 2]","[3600000, 3620000, 1910000, 7360000, 6880000]"
350,1590,716360,21000,[6010000],"[3, 4, 1]","[2460000, 6250000, 9270000, 6100000, 2690000]"
351,1472,1536725,11000,[],[],[9400000]
352,7696,2439394,45000,[],"[3, 3]",[]
353,1516,2336027,39000,[7940000],"[5, 4]","[7150000, 880000, 3900000, 6810000]"
354,4042,3471062,50000,[],[],"[1480000, 1000000, 4800000, 6520000, 7990000]"
355,1423,4717800,80000,[1860000],"[1, 4, 1]",[3770000]
356,7848,4101666,37000,[],[5],"[2560000, 6790000, 1790000, 1640000]"
357,1163,910405,5000,[3200000],"[3, 1]","[1140000, 1300000, 4380000, 3500000, 8150000]"
358,4225,1231111,65000,[5170000],"[2, 1, 4]","[7130000, 3380000, 5330000, 7610000]"
359,4593,3697389,14000,[7330000],"[5, 4, 1]","[8180000, 6710000]"
360,8487,7106543,21000,[],"[5, 3, 2]",[]
361,2211,1030793,96000,[3530000],[5],[]
362,7068,3378467,31000,[1840000],[],"[690000, 2110000, 5240000, 6380000, 8180000]"
363,7704,2613186,91000,[],[1],"[8320000, 4470000, 1750000, 5290000, 3620000]"
364,5603,7343571,73000,[],"[3, 4]",[8820000]
365,8557,4028761,72000,[2520000],"[4, 4]","[7510000, 720000, 3430000, 7950000]"
366,9641,2114235,84000,[],"[5, 4, 5]","[7270000, 7850000]"
367,9020,5445643,22000,[2870000],[],"[1780000, 5130000, 7220000, 1520000]"
368,5190,1488701,91000,[2970000],"[1, 1]","[3040000, 9370000]"
369,9551,1737382,65000,[],[1],[]
370,9806,7010086,91000,[9780000],[],"[9100000, 370000, 6980000, 3260000]"
371,2300,5213303,56000,[],[2],"[3030000, 8940000, 960000, 2410000, 8770000]"
372,5615,5088950,72000,[9190000],"[1, 2, 1]",[]
373,2844,9195088,85000,[7910000],"[4, 4]","[2510000, 6010000, 5800000, 110000]"
374,4107,4719306,12000,[9740000],"[5, 1]",[780000]
375,4879,8546428,35000,[],"[2, 5, 3]",[]
376,6779,7380020,81000,[90000],"[1, 1]",[]
377,5969,5518356,39000,[],"[3, 3]","[2020000, 6920000, 6280000, 9450000]"
378,3916,1125027,12000,[8090000],"[2, 4]",[]
379,5630,7576318,15000,[],[2],"[7400000, 3600000, 7830000, 7390000, 4320000]"
380,6025,4588219,45000,[],"[1, 4, 2]","[3710000, 4360000, 9670000, 5220000, 780000]"
381,2192,5489246,85000,[6990000],"[5, 3]","[3660000, 3270000, 2250000, 1050000]"
382,6173,3735215,49000,[],[],[3220000]
383,1893,1109398,44000,[],"[1, 5, 3]",[2480000]
384,5995,9195182,30000,[9890000],"[2, 1]","[1700000, 5030000, 9830000, 3360000, 4570000]"
385,3532,2196315,95000,[],[],"[4610000, 8250000]"
386,9011,6141564,18000,[870000],[3],"[7630000, 4980000, 9930000, 3850000]"
387,9993,2102045,31000,[4210000],[4],[]
388,9148,6932620,75000,[2600000],[5],[]
389,7401,2638486,77000,[5490000],[],"[9190000, 7360000]"
390,7209,9335358,27000,[],"[1, 3, 5]","[1100000, 8810000, 9400000, 4610000]"
391,2934,456900,7000,[],[],"[5510000, 4970000, 2470000, 2160000, 6520000]"
392,7639,9030100,26000,[1900000],"[3, 5]","[5240000, 4860000]"
393,9754,1538660,83000,[],"[4, 2]","[4520000, 5730000]"
394,8598,6494841,64000,[],"[2, 4, 5]","[6810000, 2630000, 2330000, 1880000, 7370000]"
395,7365,9654043,59000,[],"[1, 4]","[9360000, 6830000, 5840000]"
396,8599,346463,62000,[],[2],"[7460000, 4850000]"
397,9895,5559928,53000,[],"[1, 4, 3]",[9400000]
398,6859,8579538,24000,[2370000],"[1, 1, 4]",[]
399,5691,4895505,97000,[],[],"[1940000, 8440000, 3240000, 2890000, 1470000]"
400,7525,3900843,85000,[4280000],[5],[]
401,5389,3208169,15000,[6470000],"[3, 4]","[3480000, 1950000, 7810000, 5500000, 8600000]"
402,1444,9998332,32000,[],"[2, 5]",[]
403,3718,9925908,21000,[],[2],[]
404,7552,461398,40000,[],[],"[8510000, 5590000, 5980000]"
405,8777,443257,5000,[],"[2, 1, 4]","[960000, 3730000, 4530000, 8410000]"
406,6134,4157429,30000,[4350000],"[1, 1, 3]",[5830000]
407,3336,2507270,88000,[6240000],[],[7380000]
408,1316,7153703,10000,[],[],"[7230000, 2830000, 9260000]"
409,8425,8730117,21000,[3980000],"[4, 4, 2]","[9800000, 8460000, 430000]"
410,3280,9613683,52000,[],"[2, 5, 1]",[]
411,4424,274186,46000,[9080000],"[5, 2, 5]",[3000000]
412,5196,5282010,19000,[],[],"[9180000, 5400000, 4210000, 620000]"
413,4147,4508300,5000,[1610000],[],[9210000]
414,9614,6368822,46000,[4110000],[3],"[6030000, 1530000, 6650000, 9720000, 9140000]"
415,8145,7732757,73000,[],"[5, 1, 3]","[4120000, 4790000]"
416,1823,9854939,9000,[1600000],[4],[]
417,4226,9022832,83000,[7230000],[3],"[5140000, 2150000, 2490000, 3500000, 3070000]"
418,2318,9791844,70000,[9280000],[3],"[4550000, 9050000]"
419,4917,8486679,41000,[],"[3, 1, 4]","[4140000, 8360000, 590000, 6060000, 1730000]"
420,5283,3080018,10000,[],"[4, 3, 5]","[5730000, 3460000, 2640000, 6390000]"
421,1786,2627150,80000,[3180000],"[1, 5]",[]
422,7206,5388430,12000,[3250000],[],"[1860000, 7820000, 170000, 1100000]"
423,3953,2954390,33000,[4630000],[],[]
424,9833,4524180,20000,[],[],"[7550000, 80000]"
425,3369,8012410,85000,[],[5],[4250000]
426,9758,6385758,72000,[],[],"[3120000, 8800000, 6790000, 8020000, 7710000]"
427,9584,1464678,85000,[],[2],"[5610000, 130000, 1090000, 1940000, 6540000]"
428,7236,4281500,1000,[],"[5, 4, 3]",[]
429,8809,9873749,80000,[],[5],[]
430,5358,4095187,29000,[7460000],[],"[5030000, 3570000, 1740000]"
431,3442,9134025,78000,[],[],"[9390000, 6630000, 530000]"
432,5666,1592277,44000,[],"[3, 1]",[4570000]
433,1185,9544395,33000,[],"[5, 2]","[3860000, 4540000, 1070000, 9110000, 6520000]"
434,5358,681018,59000,[5920000],"[1, 3, 1]","[5330000, 9490000, 8080000]"
435,7398,8983516,17000,[920000],[],"[5220000, 7400000]"
436,1193,905803,65000,[],[],"[8610000, 9480000, 920000]"
437,8465,6196718,14000,[1680000],[4],"[9440000, 6130000, 9760000, 8450000]"
438,8289,4533262,6000,[],"[3, 2]",[]
439,7404,2013281,81000,[],"[1, 3]","[7590000, 5710000, 6910000]"
440,5358,8895952,92000,[],"[1, 2, 1]","[1920000, 6550000, 4260000, 7950000]"
441,2756,3490057,100000,[9010000],"[1, 3]","[2380000, 7720000, 4260000, 6650000, 8760000]"
442,9215,3021225,100000,[],[1],"[5720000, 1410000, 7430000, 8520000, 6200000]"
443,8269,9311569,50000,[],"[2, 5, 5]",[9550000]
444,4063,5184961,77000,[],[],"[2160000, 5160000, 6230000, 1180000, 4440000]"
445,6250,6039988,10000,[],[5],[4940000]
446,8329,8131989,40000,[2370000],"[3, 1]","[9300000, 630000, 9930000, 600000]"
447,1671,1491569,2000,[],"[1, 5]","[7340000, 1480000, 6230000, 5090000, 9770000]"
448,6364,1302346,55000,[],[],"[370000, 340000, 2740000, 8480000, 8940000]"
449,6783,7299614,0,[],[],[4360000]
450,4187,1332513,21000,[],[],"[4380000, 8520000, 6320000]"
451,9002,6903567,15000,[],"[3, 4, 1]",[2890000]
452,1823,5345963,62000,[9340000],[],"[4000000, 6500000, 7440000]"
453,3258,2712504,56000,[],"[4, 3]","[5060000, 6050000, 3450000, 7270000]"
454,3284,5349085,80000,[2580000],[],[5850000]
455,5908,3461436,84000,[6860000],[1],"[3120000, 9790000, 2780000]"
456,7479,5501746,14000,[5720000],[],"[4460000, 100000, 9890000]"
457,6573,5426231,6000,[],"[2, 2, 1]","[9360000, 6810000, 7850000, 3600000]"
458,2767,1182608,26000,[],[],"[1550000, 3270000, 9260000, 5190000]"
459,2375,663396,95000,[],[],[]
460,6759,1350829,83000,[80000],"[5, 3, 1]","[9830000, 8960000, 540000, 2570000, 4310000]"
461,2353,1728224,94000,[1130000],"[2, 4, 5]","[7660000, 4140000]"
462,1074,5785020,78000,[],"[2, 1]","[4600000, 5640000, 9340000, 1950000, 6040000]"
463,2378,377797,86000,[],[],"[2100000, 6800000, 6640000, 4840000]"
464,9205,1691429,39000,[],"[4, 3]","[8390000, 4530000, 6720000, 8650000, 8170000]"
465,7425,8551133,100000,[6550000],[2],"[2220000, 8990000, 8520000]"
466,9519,4070802,45000,[6740000],"[1, 5, 4]","[6210000, 1100000, 3370000, 7750000]"
467,2166,4844958,6000,[950000],"[3, 1]",[5870000]
468,1244,6358976,78000,[],[],[]
469,9610,4817385,1000,[9540000],[],"[1820000, 3720000, 6960000]"
470,5943,6770666,94000,[],[2],[]
471,7389,9911355,85000,[8690000],[],"[5620000, 1420000]"
472,6734,3194780,72000,[],[4],[2420000]
473,6338,3075420,89000,[1010000],[],"[4290000, 730000]"
474,1823,6341780,55000,[6250000],[4],"[9120000, 7030000]"
475,6050,2060478,47000,[],"[1, 1]",[2210000]
476,6542,6692481,21000,[],"[3, 4, 5]",[]
477,3475,3027083,80000,[],[2],"[6730000, 5440000, 2580000]"
478,7845,2667096,18000,[7970000],"[3, 2]",[7460000]
479,9316,6338751,71000,[],[],[]
480,5454,7379084,85000,[],"[2, 3, 2]",[]
481,8284,413230,25000,[],[4],"[4350000, 3650000, 6560000, 2020000]"
482,3267,9878212,53000,[6540000],[],"[7250000, 9810000, 2000000, 8000000, 4020000]"
483,8276,8970986,58000,[],"[4, 4]",[8520000]
484,9790,8155042,41000,[],"[5, 1, 2]",[6220000]
485,6036,1279731,94000,[6140000],[1],[6960000]
486,6572,8335153,66000,[],[],[7480000]
487,6378,1406857,92000,[8060000],"[3, 5, 1]",[3460000]
488,9318,4101528,54000,[1610000],"[4, 1, 3]","[3980000, 2500000, 630000, 4130000]"
489,7536,5705438,58000,[5840000],[3],"[6900000, 3900000, 3640000]"
490,1203,6306235,38000,[],[],"[2450000, 3930000, 3930000, 1120000]"
491,4108,865883,23000,[7470000],"[1, 3, 2]",[8630000]
492,7500,7211067,3000,[9170000],[3],"[9370000, 8040000]"
493,2365,6068376,84000,[1240000],"[4, 3, 5]",[8740000]
494,2969,9907888,34000,[9940000],"[2, 4, 2]","[1520000, 2220000, 2020000]"
495,7859,3624878,93000,[],[5],"[9190000, 2400000, 5410000, 2380000]"
496,5043,2045122,3000,[300000],"[4, 3]",[]
497,3241,5642506,3000,[],"[3, 4]","[7840000, 9920000, 1500000, 1730000, 5420000]"
498,1050,1770927,87000,[9720000],[],[]
499,6059,5360690,54000,[6280000],[1],"[430000, 1190000, 880000, 200000, 4650000]"
500,2099,4214345,97000,[],"[2, 4, 5]","[5950000, 7870000, 9400000]"
501,3034,1458660,42000,[6360000],"[2, 4, 4]","[240000, 6080000, 9570000, 8840000]"
502,6182,6793865,29000,[3130000],"[5, 1]",[1900000]
503,9641,2783182,12000,[],[],"[9390000, 5430000, 3290000]"
504,9968,2873782,3000,[],"[2, 4, 3]","[1480000, 1640000]"
505,9718,2627183,52000,[780000],[5],"[1390000, 590000, 4510000]"
506,5659,3493693,49000,[],[3],"[1790000, 5810000, 5980000, 7070000, 9090000]"
507,4453,9878620,37000,[],"[5, 5]","[4870000, 4770000, 810000]"
508,1531,9150782,59000,[9790000],[],[2480000]
509,7026,870396,96000,[9940000],[3],[6450000]
510,5450,4602292,73000,[3670000],[4],[1200000]
511,1900,6160073,80000,[],"[4, 5]","[4490000, 2130000, 8590000, 4030000]"
512,8212,1217227,10000,[6420000],"[4, 3]","[9070000, 1520000]"
513,5049,3694403,58000,[3010000],[2],"[1570000, 7140000, 1750000, 3510000]"
514,2812,891079,73000,[6280000],[],"[7970000, 6190000]"
515,5112,9836330,1000,[5400000],"[4, 1]","[2820000, 5490000, 7660000, 5230000]"
516,7961,3957941,43000,[6410000],[],"[6090000, 8200000, 1210000]"
517,3744,2390737,31000,[],"[1, 5]",[2160000]
518,2878,7229043,45000,[],[4],[5930000]
519,6305,9304780,24000,[],"[1, 1]","[3910000, 0]"
520,9520,9253816,55000,[],[3],[]
521,8016,4641163,83000,[],"[3, 3]",[]
522,6126,3697288,9000,[9210000],[],[8900000]
523,3554,3135198,18000,[8610000],"[2, 2]","[230000, 5720000, 8880000, 9620000]"
524,3880,8885410,67000,[3980000],"[2, 3]",[]
525,5925,3734305,44000,[790000],[],[]
526,8090,5641345,57000,[],[5],"[1350000, 1860000, 1220000, 7820000]"
527,8856,262953,9000,[],"[3, 5]","[8810000, 1220000, 4980000, 8230000]"
528,6285,4730468,6000,[760000],"[5, 5]","[8230000, 1780000]"
529,5320,3755695,72000,[],"[1, 4, 2]",[4670000]
530,5628,948702,10000,[4370000],"[3, 3, 2]","[7220000, 2360000, 2090000, 740000, 7780000]"
531,8148,9295471,98000,[],"[5, 3]","[1740000, 3660000, 8680000, 430000, 1890000]"
532,8660,7647347,44000,[],[],[]
533,7643,1208869,66000,[5320000],[2],"[1860000, 3750000]"
534,3258,1667673,28000,[],"[4, 4]","[9910000, 3360000]"
535,7064,8348431,45000,[],[],[5450000]
536,9985,8432561,16000,[],"[1, 3, 5]",[4520000]
537,5841,8901101,53000,[],"[1, 2, 2]","[7100000, 3480000, 6550000, 5650000]"
538,9251,4808192,35000,[3690000],"[5, 1, 4]","[1390000, 2320000]"
539,6953,3039894,74000,[],"[4, 3]","[7740000, 7050000, 6710000, 8370000, 2870000]"
540,4841,7314723,51000,[],[],"[210000, 3870000, 5210000, 8630000, 7850000]"
541,9017,1293077,57000,[6300000],[],"[4950000, 7060000, 8210000]"
542,1176,4013250,62000,[],"[4, 5, 4]","[2530000, 7490000]"
543,9854,638908,84000,[],"[4, 4]",[]
544,9839,7119355,35000,[7610000],"[5, 1, 2]","[310000, 7310000, 4540000, 8820000]"
545,2804,7995534,60000,[],"[5, 5, 5]","[8520000, 4500000, 7760000, 7370000, 5320000]"
546,9987,5887661,77000,[],[],[]
547,6291,9814164,93000,[9200000],[5],"[8840000, 9240000, 1680000, 8140000]"
548,9286,7723902,82000,[6230000],"[2, 2, 4]","[7940000, 4140000, 5950000, 2710000]"
549,9542,6467003,81000,[],[3],[8850000]
550,4317,6338473,65000,[3700000],[],"[3800000, 140000, 6610000, 4150000, 2970000]"
551,7735,2809747,57000,[4370000],[],"[930000, 4440000]"
552,9635,6793060,17000,[6550000],"[3, 1, 4]","[4070000, 7230000]"
553,6751,9881729,81000,[],"[3, 4]","[4420000, 2580000]"
554,8952,5423156,94000,[320000],"[5, 4, 2]",[]
555,6235,4176150,13000,[6170000],[],"[5690000, 5710000]"
556,6346,6828556,74000,[1260000],"[1, 5]","[2680000, 410000, 2940000]"
557,8552,2538462,72000,[2240000],"[5, 1, 4]","[1450000, 950000]"
558,3113,1500475,68000,[],[3],"[5080000, 690000, 3220000, 4030000, 9110000]"
559,7597,9730210,92000,[7400000],"[1, 3, 3]","[550000, 6600000, 2950000, 6410000, 1970000]"
560,9578,6381657,83000,[630000],[],[]
561,4704,4618481,86000,[],"[2, 3]","[4660000, 2160000]"
562,4056,1549085,28000,[1170000],"[5, 5, 3]","[7950000, 8330000]"
563,3071,2012870,59000,[],[2],"[2750000, 3380000]"
564,1711,9323547,0,[],"[5, 3, 3]","[3060000, 9280000]"
565,4872,1742712,79000,[2080000],"[5, 4]","[2050000, 5170000]"
566,6139,8492927,27000,[8740000],[5],"[2220000, 5730000]"
567,4536,6478840,19000,[4480000],"[2, 3]","[9730000, 9410000, 7610000]"
568,6409,390701,51000,[1890000],[],[]
569,8927,3129703,56000,[7120000],[],"[2230000, 820000, 300000]"
570,4632,5571983,72000,[4820000],"[4, 3, 4]",[9280000]
571,9239,2150964,36000,[6980000],"[3, 5]","[1170000, 530000, 7100000, 9210000]"
572,8532,5638810,25000,[6440000],[3],"[2230000, 7610000, 4960000]"
573,7776,6277539,89000,[],[],"[9460000, 2850000, 6680000, 4280000, 9910000]"
574,5912,4817102,71000,[1640000],"[2, 5, 1]","[360000, 5780000, 9330000]"
575,3690,7365023,57000,[9690000],"[5, 2, 5]","[7080000, 7190000, 3070000, 5390000]"
576,9818,855612,74000,[1020000],"[5, 4, 4]",[2380000]
577,1614,4580394,51000,[],"[4, 2, 2]",[4130000]
578,4431,4719866,70000,[],[],"[2190000, 7730000, 470000]"
579,9022,1789013,84000,[9280000],[],"[4610000, 4660000]"
580,9170,4327699,16000,[4830000],[],[]
581,8385,1355079,9000,[8950000],[],"[1560000, 3120000]"
582,9608,5168298,29000,[],"[3, 5]",[]
583,1115,4861048,21000,[6470000],"[3, 4, 1]","[1440000, 7400000]"
584,9305,8815540,56000,[],"[2, 1]","[7910000, 6700000, 9300000, 7200000]"
585,4398,1839065,95000,[],[2],"[7540000, 4460000, 8550000]"
586,9193,7960723,7000,[],[2],[]
587,6519,7976520,59000,[7600000],[4],[]
588,7958,8072163,43000,[4920000],[],"[5280000, 3190000]"
589,2777,9150098,0,[1170000],"[2, 3, 3]",[5570000]
590,6851,3239484,22000,[370000],[5],[5300000]
591,4565,2535768,86000,[],"[3, 1, 5]","[8600000, 5320000, 9560000]"
592,3263,4226281,96000,[],[3],[]
593,8156,7164167,92000,[],[3],"[3280000, 9310000, 9330000, 1620000]"
594,3770,6651217,98000,[],"[1, 1, 3]",[]
595,2094,4131190,27000,[4750000],[],"[1560000, 4540000, 8650000, 8290000, 1790000]"
596,9224,6364831,10000,[],[4],"[1690000, 8960000]"
597,6413,3606410,60000,[6650000],"[4, 2, 2]","[230000, 8920000, 2850000, 1260000]"
598,4540,9856349,24000,[7690000],"[5, 1, 2]","[9680000, 50000]"
599,5870,3674078,15000,[],[2],"[3970000, 7650000, 2780000, 6320000]"
600,5114,9602981,33000,[5160000],"[3, 4]",[]
601,3506,8427217,56000,[],"[5, 4, 3]","[1570000, 8860000, 6220000, 1660000]"
602,7552,3532817,67000,[],[],[]
603,8707,3954751,34000,[],"[2, 1, 1]","[4140000, 310000, 110000, 4950000, 9430000]"
604,6493,6624147,91000,[],[],"[7800000, 6510000, 9790000, 2320000, 1350000]"
605,7946,6218098,30000,[],"[5, 2]","[4020000, 9350000, 7310000]"
606,5007,4778114,87000,[3540000],[1],[7300000]
607,3006,4807750,10000,[6460000],"[1, 1, 2]","[4090000, 6630000, 6780000]"
608,2517,516955,62000,[],[],"[200000, 5380000, 5420000, 7550000, 120000]"
609,1587,6816073,74000,[5370000],"[1, 4]","[7240000, 7930000, 4640000]"
610,9336,2821274,59000,[6530000],[4],"[4400000, 3330000, 6560000, 5960000, 600000]"
611,4439,8488443,67000,[1510000],"[3, 3, 2]","[4340000, 8820000, 220000, 4350000, 7790000]"
612,4563,9801376,91000,[6950000],"[4, 1, 1]","[7330000, 3710000, 9920000, 2630000]"
613,9496,3795235,96000,[7840000],[],"[1490000, 7140000]"
614,5596,9106685,35000,[],"[2, 3]","[8460000, 8310000, 5090000, 2130000]"
615,6470,3440629,28000,[],"[5, 2]","[9260000, 6180000]"
616,5246,293049,58000,[9490000],"[4, 2]",[]
617,8203,6527413,77000,[9060000],"[2, 2, 2]","[5610000, 8510000, 1650000, 7100000]"
618,6558,6050840,67000,[],"[4, 2]",[9880000]
619,4598,1479786,78000,[],"[2, 3]","[6730000, 1040000, 7040000]"
620,7640,439539,19000,[],"[2, 3]",[6010000]
621,2315,8081225,37000,[],"[4, 3]",[]
622,1210,7669730,84000,[],"[5, 2, 4]","[9210000, 3980000, 7010000]"
623,8694,3781398,42000,[180000],"[4, 1]",[]
624,2238,3642532,20000,[],[],"[8610000, 4310000]"
625,7019,8720632,79000,[],[],"[5630000, 1480000, 3440000, 8070000, 7350000]"
626,7213,2899669,35000,[4080000],"[4, 1, 4]","[7930000, 560000, 6510000, 3190000]"
627,4568,3942016,62000,[1790000],[5],"[3840000, 9590000, 8770000]"
628,4474,1412480,3000,[],"[2, 1]","[6350000, 2370000]"
629,5623,5804040,85000,[2350000],"[1, 3, 5]","[1390000, 3130000, 8930000]"
630,2940,3471457,35000,[],[],"[8540000, 5000000, 2890000]"
631,6475,3706586,14000,[3870000],[],[]
632,5266,7047385,89000,[7190000],[1],"[5720000, 520000, 4850000, 2300000]"
633,7584,1973443,43000,[1580000],[5],"[1090000, 840000, 8420000]"
634,7688,8041815,60000,[],"[1, 5]",[]
635,9464,5276417,82000,[],[],"[2720000, 910000, 5300000, 3690000]"
636,4114,2248739,37000,[3610000],[],"[790000, 4070000, 3250000, 4800000, 9530000]"
637,6561,4981225,36000,[],"[5, 1, 1]","[210000, 3220000, 8150000]"
638,5269,7334217,93000,[],"[2, 1]","[9250000, 6720000, 5930000, 2040000]"
639,3675,5308366,72000,[],[1],[1310000]
640,5352,1083550,74000,[7810000],"[1, 1, 5]",[2680000]
641,7929,3531632,5000,[3860000],[1],"[1080000, 1720000]"
642,1217,1832151,37000,[640000],"[5, 3]",[]
643,7269,7992402,92000,[],"[1, 1, 2]","[3270000, 2810000, 5930000, 1650000, 8390000]"
644,9103,1332052,0,[8540000],"[5, 4]","[1740000, 9670000, 9000000, 3640000]"
645,2565,3477774,78000,[9920000],[],"[3990000, 4910000, 2910000, 8640000, 2980000]"
646,6574,7745837,20000,[],[],"[830000, 5290000, 10000000, 8130000]"
647,2463,3986796,40000,[],"[5, 3, 5]","[2840000, 4270000, 9860000, 2280000, 3170000]"
648,4821,7391489,9000,[3510000],[],"[5170000, 8870000, 1510000, 9000000]"
649,5804,2205907,43000,[420000],[],"[3430000, 5000000, 7930000, 6520000, 5430000]"
650,8511,3129183,72000,[6060000],[4],[]
651,9122,2096937,32000,[],"[3, 2]",[]
652,7315,8753226,82000,[9040000],"[3, 4, 5]","[5480000, 490000]"
653,5302,3515609,32000,[3420000],[],"[7880000, 2940000, 1000000]"
654,3497,2213391,25000,[1320000],[1],"[8110000, 4580000, 3410000]"
655,4117,8223296,87000,[8800000],"[4, 5, 5]",[]
656,1023,1017372,45000,[],"[2, 4]","[1890000, 2930000, 3520000, 9870000]"
657,4937,9492418,88000,[5700000],[3],"[7640000, 7620000, 6000000, 4970000, 4000000]"
658,4651,2282445,74000,[3710000],[],"[6250000, 3520000]"
659,5621,9997164,95000,[7040000],[5],"[1140000, 730000]"
660,5571,8637886,43000,[],[4],"[4460000, 800000]"
661,7095,1788520,46000,[],"[3, 3]",[3520000]
662,2147,7649187,70000,[9720000],[],"[700000, 3250000]"
663,8334,4016795,99000,[8960000],"[5, 4]","[5540000, 2800000, 4850000, 9120000, 7580000]"
664,9511,4323279,57000,[],"[1, 5]","[9000000, 6970000]"
665,9390,1092675,76000,[3390000],[],[]
666,5378,1890082,12000,[7700000],[],"[3690000, 530000, 8500000, 9150000, 1660000]"
667,3235,9100589,57000,[6240000],[],"[6590000, 6130000, 9260000, 740000]"
668,6192,2566326,8000,[460000],"[3, 3]",[9690000]
669,7472,2427113,61000,[7850000],[],"[8660000, 2410000]"
670,8787,5937713,52000,[],"[3, 2]","[2420000, 7700000]"
671,9608,4692744,65000,[2960000],"[5, 4, 5]","[3200000, 5790000]"
672,5123,8085438,84000,[],"[4, 3, 4]","[410000, 1410000, 4360000]"
673,9392,266880,0,[],"[1, 4, 2]","[6900000, 9770000, 9710000, 1510000]"
674,6100,1323278,60000,[7190000],[],"[1770000, 6950000]"
675,8778,5779859,95000,[6900000],[2],"[690000, 8220000]"
676,1033,6125766,19000,[],"[3, 1, 3]","[7470000, 560000, 6510000, 7750000]"
677,4272,2680479,49000,[7870000],"[3, 2]",[1870000]
678,9398,319726,33000,[],"[4, 2]","[8190000, 6090000, 2430000, 1950000]"
679,1651,603649,21000,[5100000],[5],"[140000, 1040000, 9980000]"
680,7466,2579555,66000,[],"[2, 5, 4]","[9190000, 8960000, 7100000]"
681,6411,1245242,37000,[],"[5, 1, 1]",[2790000]
682,1092,9631486,5000,[50000],"[2, 2]","[510000, 6620000]"
683,9105,232671,81000,[],"[1, 1]",[]
684,6363,993683,97000,[9980000],"[1, 1, 2]","[8850000, 7270000, 2960000]"
685,3122,3975296,7000,[],[],"[4640000, 9810000]"
686,3096,4510745,11000,[],[3],[]
687,7859,614776,72000,[5980000],"[3, 3]","[420000, 8600000]"
688,7844,9320551,40000,[2150000],[],"[280000, 8470000]"
689,5395,8578708,76000,[],[1],"[7650000, 7520000]"
690,3044,4092720,72000,[6890000],[],"[3090000, 5450000]"
691,4742,6333299,23000,[6150000],"[4, 1]","[7810000, 5440000, 1670000, 8890000, 4320000]"
692,4691,2629883,32000,[],[4],[1990000]
693,8538,8463572,23000,[5510000],[2],"[1330000, 1430000]"
694,4711,5084289,46000,[],[],"[570000, 1500000, 9640000, 30000]"
695,6512,6746777,27000,[],[],"[410000, 5730000, 7580000, 200000]"
696,9853,600347,15000,[],[],[]
697,4552,7710132,40000,[],[2],[580000]
698,3290,5872352,13000,[8070000],"[1, 4, 5]","[1730000, 3740000]"
699,9024,2040997,83000,[],"[5, 5]",[]
700,4919,6637381,91000,[],"[4, 5]",[1200000]
701,5855,770071,19000,[],[4],"[1920000, 9270000]"
702,2181,3564824,31000,[],"[5, 3, 1]","[4120000, 4470000]"
703,8132,9692860,84000,[],[],"[140000, 1370000, 1790000, 8590000, 7040000]"
704,8229,9061461,21000,[],"[2, 5, 4]","[6980000, 7710000, 7010000]"
705,2954,5379164,94000,[],[],[]
706,4641,2031358,94000,[7700000],[],"[870000, 2340000, 4530000, 8440000]"
707,4746,9061664,83000,[],"[5, 2, 4]",[9430000]
708,9771,9883080,20000,[950000],"[1, 2, 4]",[7150000]
709,4458,3675187,15000,[],[2],"[740000, 6790000, 3820000, 3370000, 2170000]"
710,7607,4805984,12000,[6030000],"[4, 4]","[2110000, 6290000]"
711,5588,4229001,9000,[],"[5, 4, 4]","[9710000, 4230000, 2890000, 7730000, 9870000]"
712,8961,6988129,65000,[],"[5, 5]","[5090000, 7990000, 4190000, 7540000, 280000]"
713,2411,9632164,68000,[4990000],[1],"[9920000, 7460000]"
714,9933,8015886,88000,[6470000],"[5, 5, 4]",[960000]
715,2770,1099294,44000,[],[1],"[240000, 2110000, 80000]"
716,5251,3029103,9000,[2830000],"[5, 2, 3]","[6290000, 5410000, 8590000]"
717,9357,1050553,95000,[8110000],"[2, 2]",[5350000]
718,6297,1053352,51000,[],"[5, 2]",[4710000]
719,1072,7759288,96000,[9940000],[5],"[1260000, 3700000, 5550000, 100000, 8370000]"
720,4625,2668891,0,[470000],"[5, 1, 1]","[5880000, 3430000, 8030000, 7960000, 5180000]"
721,5946,9450689,95000,[],"[5, 3]",[]
722,1319,4398016,13000,[],"[4, 2, 3]","[7000000, 9180000]"
723,3872,9967700,12000,[1730000],[2],[]
724,4519,2668586,90000,[6960000],[],[]
725,2215,557844,75000,[2260000],"[4, 4]","[9670000, 5780000, 2580000]"
726,6018,3441573,12000,[9960000],[1],[]
727,3443,8858991,56000,[9500000],[],[]
728,1460,2773964,67000,[3850000],"[3, 5]",[4320000]
729,8724,9893772,54000,[],"[3, 1, 2]","[9350000, 6260000, 630000, 2290000]"
730,4972,4533324,35000,[],[],"[840000, 6850000]"
731,8431,7950142,55000,[9700000],[4],"[4420000, 5550000]"
732,1708,9918031,17000,[],[2],"[8520000, 9930000, 3000000]"
733,8209,7394958,57000,[570000],[],"[4640000, 9820000, 1110000, 8990000, 3200000]"
734,8252,6299759,69000,[],[2],"[6890000, 1160000, 6770000]"
735,5075,3085310,66000,[2740000],[],"[3870000, 7380000, 3390000]"
736,2864,7438096,15000,[9950000],[3],"[7940000, 5830000, 6540000, 9340000]"
737,6796,9978422,78000,[],"[1, 5]",[2120000]
738,5907,2438892,56000,[],[3],"[6510000, 2940000, 9720000, 7490000, 4920000]"
739,4489,1412718,12000,[7250000],"[5, 2]","[1740000, 9380000, 6790000, 2670000, 930000]"
740,3845,4653183,17000,[8880000],[],"[9810000, 4360000, 9780000]"
741,3106,8288648,28000,[3380000],[],"[9980000, 7510000, 130000, 7300000, 1030000]"
742,2266,5253451,85000,[10000000],[5],"[8290000, 950000, 5290000]"
743,4423,6928486,98000,[],"[4, 3, 2]","[3060000, 2450000]"
744,1790,5017729,3000,[7950000],[],"[6510000, 2700000, 3510000, 1630000]"
745,4360,3610723,76000,[],[5],"[1200000, 5810000, 6670000, 3390000]"
746,6043,6013309,79000,[],"[4, 3, 4]","[4860000, 8720000]"
747,6760,328371,78000,[5670000],[],"[5710000, 5290000]"
748,1642,1433242,41000,[],[3],"[3210000, 5850000, 3750000, 9010000]"
749,6168,814513,54000,[],"[4, 1, 1]","[6780000, 2720000]"
750,8525,5041983,90000,[],[],[4220000]
751,1410,8616307,97000,[780000],[4],[]
752,5311,4704677,46000,[5710000],[],[]
753,4656,8231877,41000,[],"[3, 3, 2]","[6510000, 1810000, 1140000]"
754,7770,7568926,58000,[3100000],"[2, 1]",[]
755,2152,3873079,64000,[],"[1, 5, 1]",[]
756,1382,1334619,59000,[],"[1, 1, 4]","[8700000, 2880000]"
757,8775,1603845,21000,[],"[2, 2]","[1310000, 4070000, 4180000, 3550000, 2720000]"
758,9776,2355859,40000,[5050000],[],[]
759,5092,9357845,88000,[],[],"[4870000, 8330000, 1360000, 5340000, 3890000]"
760,2902,1176797,83000,[60000],[],[]
761,4472,846080,95000,[],[2],[]
762,4340,7347205,1000,[],"[3, 3]","[7520000, 7810000, 1680000]"
763,7995,1794211,45000,[2640000],[2],[9350000]
764,4151,3190292,49000,[6440000],"[4, 5, 4]","[8200000, 6680000, 3410000, 1850000, 3710000]"
765,8198,5428073,18000,[8880000],[4],[]
766,8739,6192998,94000,[],"[1, 2]","[5280000, 4310000, 5360000]"
767,5763,4562305,77000,[],"[3, 5, 4]","[1530000, 660000]"
768,9231,5639024,4000,[],"[5, 2]","[7180000, 6040000]"
769,5722,7551806,80000,[],[5],"[5580000, 990000]"
770,9193,3520571,41000,[],[3],"[9010000, 7830000]"
771,5837,6420922,60000,[],"[5, 5]","[7850000, 850000]"
772,1954,8763687,98000,[],"[5, 4, 4]","[1480000, 3890000, 8220000, 7430000, 740000]"
773,5260,2455174,15000,[],[4],[]
774,6531,1745062,57000,[],[],[]
775,7776,8449336,20000,[2440000],[],"[2260000, 9040000, 3770000, 6060000]"
776,4439,6665998,47000,[],"[5, 3]","[5490000, 7090000, 4100000]"
777,5955,870063,48000,[6740000],[3],[8240000]
778,6121,6224374,100000,[],[2],"[8390000, 3400000, 680000, 8590000]"
779,6683,8702883,46000,[],[],"[8190000, 1660000, 2490000, 2260000, 3500000]"
780,2520,6303816,83000,[5670000],"[1, 1]","[1060000, 6220000, 3820000, 5460000]"
781,2470,9610991,92000,[4620000],"[5, 1]","[6620000, 440000, 9980000, 8870000, 3770000]"
782,5167,6359196,8000,[],[],[]
783,1428,4456589,53000,[],"[1, 2, 5]","[2640000, 390000, 5160000, 6730000]"
784,5119,9959827,63000,[4290000],[3],"[3250000, 9490000, 2790000]"
785,9735,7952482,75000,[],"[1, 4, 5]","[6500000, 150000, 2420000, 5270000]"
786,7544,4858054,42000,[],[],"[9370000, 730000]"
787,7320,2742447,29000,[],"[1, 5]",[9000000]
788,4976,6231664,34000,[],"[3, 1]","[410000, 350000, 1370000, 5490000, 1440000]"
789,3663,9529617,24000,[],"[2, 5]","[1400000, 1170000, 5410000, 7100000]"
790,8524,9039087,35000,[2200000],[5],"[930000, 8360000, 1090000]"
791,9400,5534927,73000,[9010000],"[4, 2, 2]","[2850000, 5980000]"
792,5212,4914034,28000,[],[],"[7880000, 4290000, 1100000]"
793,5825,945095,73000,[9770000],[3],"[6990000, 8410000, 6970000, 6090000]"
794,5767,3420309,7000,[],"[2, 2, 2]",[3120000]
795,9833,9776499,7000,[],"[2, 5]",[]
796,8051,6209581,79000,[7730000],"[3, 4, 5]",[]
797,8740,7196704,94000,[],"[4, 4]",[]
798,2184,23916,65000,[4800000],[3],"[5360000, 9370000]"
799,7050,9371502,15000,[],[5],[]
800,6740,6884962,48000,[],"[5, 4, 4]","[3730000, 880000, 6910000, 4930000]"
801,4554,2198297,50000,[],"[5, 4, 2]","[8470000, 2360000, 3650000, 8550000, 8170000]"
802,8883,8628707,83000,[3440000],[4],"[8230000, 6950000, 390000]"
803,3215,6898666,31000,[],[5],[9240000]
804,7497,2953296,56000,[],[],"[5050000, 1120000]"
805,9151,5620712,46000,[1900000],[5],[]
806,8983,1596569,41000,[260000],"[3, 3, 1]","[6890000, 9740000, 6940000, 8360000, 9870000]"
807,5166,6212214,59000,[],[2],[2900000]
808,4987,6442837,45000,[],"[1, 3, 2]","[680000, 3940000, 710000]"
809,2533,7952072,17000,[],[],[4370000]
810,9719,2078379,62000,[2290000],[2],[1300000]
811,2227,3702924,24000,[8080000],"[2, 3]","[4410000, 220000, 3320000, 3350000, 4360000]"
812,3068,2301553,7000,[],"[1, 4, 3]","[750000, 4410000, 5520000]"
813,1800,8629331,22000,[],[5],[]
814,6371,506211,84000,[],"[4, 4, 2]","[1240000, 7780000, 6440000, 1260000]"
815,7602,1716021,41000,[8860000],[],[]
816,6805,6836832,94000,[6410000],"[4, 1, 1]","[7760000, 4920000, 90000, 4490000, 3030000]"
817,6621,2021564,44000,[1910000],[5],"[5950000, 3870000, 2620000, 9950000, 9360000]"
818,9843,303553,8000,[],[4],"[7540000, 9140000]"
819,7566,6726113,45000,[],[],[]
820,3341,1395060,45000,[8590000],"[4, 4]",[710000]
821,2726,3466492,72000,[8800000],"[5, 3, 2]","[800000, 3500000]"
822,9340,8312693,5000,[7350000],[],[]
823,2094,4929689,94000,[2350000],[],"[5760000, 3390000, 880000, 1490000]"
824,5165,8820860,16000,[500000],"[1, 1, 1]",[]
825,1305,5726514,59000,[5150000],"[5, 1]","[3740000, 9770000, 9820000]"
826,5418,8240091,90000,[1600000],[],"[4620000, 4390000]"
827,5845,2011729,4000,[8860000],[],[960000]
828,2678,2560532,25000,[],"[4, 2]",[3730000]
829,7044,64164,65000,[4860000],"[2, 5, 3]","[6140000, 4180000]"
830,7924,5907629,55000,[],"[1, 5, 5]",[]
831,1488,1196882,34000,[9180000],"[5, 1, 4]",[720000]
832,9883,8774166,44000,[],[],"[6040000, 5250000, 3230000, 8010000, 5850000]"
833,5256,3331220,6000,[4240000],[],[350000]
834,7424,6064325,1000,[],[],[2690000]
835,5339,8578391,69000,[],[],[8650000]
836,3307,135137,77000,[],[],[]
837,4684,4024159,95000,[],[1],[]
838,1919,9551843,99000,[6390000],"[4, 2, 1]","[6680000, 1950000, 3470000]"
839,6871,1073039,47000,[2690000],"[4, 3]","[6230000, 5630000, 8960000]"
840,3702,4421353,64000,[],[],"[7170000, 8800000, 5580000, 830000, 9630000]"
841,5630,8361477,86000,[5810000],"[5, 4, 3]","[1510000, 5320000]"
842,6782,2447192,34000,[630000],"[4, 3]","[580000, 9730000]"
843,4220,2966674,53000,[],[1],"[8310000, 4420000, 7390000, 2890000, 5940000]"
844,1337,483157,88000,[],[1],"[7180000, 1840000, 1830000, 5940000]"
845,5036,4197741,39000,[],"[2, 1]","[3480000, 9890000, 6430000]"
846,4787,1456171,75000,[2190000],[2],[850000]
847,3894,980575,42000,[],[4],"[9440000, 1130000]"
848,3169,1886724,40000,[],[1],"[3640000, 1520000]"
849,7852,7413518,15000,[],[3],[]
850,9382,2447810,40000,[],[5],"[7390000, 1840000, 6610000]"
851,8396,223245,64000,[],"[5, 4, 4]","[5610000, 4480000, 4710000]"
852,2476,3700362,57000,[],"[4, 4, 5]",[3230000]
853,3925,444705,66000,[1250000],[3],[]
854,5147,4057639,23000,[],[5],"[6860000, 5090000]"
855,1825,2400123,32000,[],"[3, 4]","[2760000, 1130000, 1630000, 9590000]"
856,2259,3478207,35000,[2480000],[4],"[9520000, 6080000]"
857,9048,1620134,27000,[5900000],"[4, 1, 3]",[7360000]
858,7783,7131185,88000,[550000],[4],"[3050000, 6550000, 650000, 2370000]"
859,2235,6561802,73000,[],[3],"[2200000, 6950000, 1900000, 6410000]"
860,8360,7549447,99000,[3130000],[],[]
861,9443,4980553,64000,[],[3],[2360000]
862,8864,1766171,74000,[],[3],[]
863,4247,4627617,49000,[1000000],[],"[3900000, 7880000]"
864,4420,4444429,77000,[9000000],"[4, 3]","[9170000, 8860000, 7730000]"
865,9501,8364068,36000,[],"[5, 1]","[5090000, 1810000]"
866,9187,1963581,0,[8840000],"[1, 4, 3]","[8160000, 3020000, 8810000, 7110000]"
867,3242,1675400,27000,[500000],"[5, 3, 5]",[9280000]
868,8951,8242469,46000,[2160000],[4],"[8540000, 2650000, 5980000, 6550000, 1560000]"
869,4796,402826,65000,[5740000],[],[]
870,8607,8681235,34000,[],"[4, 1, 2]","[9750000, 8300000]"
871,4440,5375782,43000,[6970000],"[3, 4]","[3010000, 9540000, 6110000]"
872,9172,7660247,96000,[2790000],"[4, 2]",[]
873,1907,4270328,16000,[5520000],"[2, 1]","[3270000, 1250000]"
874,1820,8973118,53000,[5050000],[5],[]
875,5470,9061438,62000,[],"[1, 4, 3]","[9200000, 3390000, 5380000]"
876,2869,2380316,47000,[],"[3, 1, 4]","[8650000, 7380000, 9410000]"
877,9326,6712512,100000,[],"[4, 2, 2]","[6400000, 8360000, 6610000, 5900000]"
878,3364,1190385,84000,[],[3],"[8520000, 7970000]"
879,1376,3492414,71000,[7300000],"[1, 4, 2]",[]
880,4288,9336502,90000,[],[],"[4050000, 9600000, 1150000]"
881,8190,9625867,18000,[],"[1, 5, 1]","[3020000, 2040000, 4870000, 8900000]"
882,8121,2560903,49000,[],"[2, 3, 3]",[]
883,6146,6739198,26000,[],"[2, 5, 1]","[6710000, 5110000, 6850000]"
884,9822,4759544,52000,[],[2],"[5300000, 8610000, 1390000]"
885,8160,841404,56000,[],"[2, 2]","[5150000, 3730000, 7230000, 6610000]"
886,4930,671261,42000,[],[5],[]
887,7544,1345598,52000,[],"[3, 5]","[6710000, 1500000]"
888,4766,4717926,18000,[1040000],[2],"[8480000, 4520000, 5380000, 290000, 1740000]"
889,7124,5712432,4000,[],[],"[640000, 5000000, 5390000, 2830000, 4820000]"
890,8509,7431767,77000,[3420000],[],"[3020000, 5810000, 6980000]"
891,9490,335509,31000,[],[3],"[9050000, 3270000]"
892,3934,7816606,83000,[3720000],"[2, 2]","[5030000, 9440000, 2140000, 3040000]"
893,6495,1913612,17000,[],[],"[4660000, 6050000, 1570000]"
894,1984,4784318,56000,[3620000],[4],[4850000]
895,5802,5397754,94000,[4110000],"[4, 2, 2]","[8970000, 5240000, 4860000, 9970000]"
896,1448,5837233,25000,[],[],"[190000, 3830000, 7960000]"
897,2179,6852928,77000,[],"[4, 3, 3]",[7930000]
898,6654,3599324,56000,[7960000],"[3, 5]",[6430000]
899,4668,5236828,39000,[8680000],[],"[3530000, 8360000, 2930000, 1770000]"
900,9607,4418362,35000,[],"[3, 3]","[2210000, 7330000, 2900000]"
901,1897,7418467,89000,[8780000],[1],"[2700000, 3400000]"
902,7441,8850165,12000,[7790000],"[3, 5]","[3690000, 7960000, 9090000, 2650000, 2730000]"
903,3830,4375438,49000,[990000],"[3, 2, 1]","[1210000, 6230000, 4410000]"
904,8547,8440657,84000,[],[],"[8520000, 3000000]"
905,7566,5170899,38000,[],[2],"[5990000, 9900000, 4400000, 9720000]"
906,2296,130054,18000,[5240000],"[4, 5]","[2100000, 7900000]"
907,8776,7330394,86000,[],[],"[7850000, 8960000, 750000, 7730000]"
908,2235,8351235,72000,[3370000],[],[2330000]
909,7400,9412688,87000,[],[3],"[3720000, 6400000, 4600000]"
910,6476,3268614,24000,[],"[1, 1]","[1760000, 4920000, 4580000, 240000]"
911,2549,3696120,14000,[8350000],"[4, 2]","[5620000, 5550000, 1870000, 1120000, 340000]"
912,1618,7689760,22000,[],[3],"[5090000, 6970000]"
913,1759,424094,42000,[8850000],"[4, 5]","[2930000, 6170000, 1550000]"
914,8656,9233188,85000,[1000000],"[5, 3, 5]",[]
915,5327,2280593,59000,[5580000],[],[3510000]
916,1023,9883570,58000,[290000],[],"[3140000, 9720000, 5800000, 1470000]"
917,8196,7784088,33000,[],"[1, 2]","[560000, 1770000, 4910000, 790000, 2600000]"
918,1364,1852772,84000,[630000],"[3, 4]","[8970000, 4200000, 3860000]"
919,2927,4343948,90000,[6200000],"[3, 2]","[5860000, 4980000, 890000, 6060000]"
920,1702,4124489,1000,[700000],[],"[5920000, 5570000]"
921,8137,1162786,86000,[],"[2, 2, 2]",[]
922,6785,658901,43000,[],"[2, 2]","[5880000, 1910000, 6820000, 1780000]"
923,8756,4703691,38000,[],[],"[1100000, 8250000, 9170000]"
924,7637,5119148,60000,[4890000],"[2, 2]","[9850000, 270000]"
925,2017,4794161,51000,[9900000],[],[50000]
926,9391,3822209,62000,[80000],[],"[4600000, 6600000]"
927,9199,763014,77000,[],"[3, 1]","[930000, 8430000, 7170000]"
928,3409,4504015,80000,[4860000],[3],"[240000, 5450000]"
929,9164,3565205,20000,[6190000],[5],[2130000]
930,8590,140253,28000,[],[],"[6510000, 5490000]"
931,6066,3745220,96000,[],"[4, 3, 4]","[6890000, 5170000, 680000]"
932,4685,6407265,64000,[6190000],[4],"[6570000, 9040000]"
933,2215,1227684,55000,[820000],"[5, 2]","[7440000, 6430000]"
934,1489,6193418,18000,[730000],"[2, 3]","[9770000, 5240000, 3260000, 2780000, 2890000]"
935,1598,8480463,5000,[],"[5, 1]","[8430000, 1340000, 8580000, 7510000]"
936,9184,1631730,92000,[],[],[]
937,4299,8551744,66000,[1940000],"[2, 1]","[7920000, 1200000, 4810000]"
938,3162,7890392,17000,[],[],"[7150000, 6690000, 1060000, 2420000, 2080000]"
939,7864,1720771,28000,[],"[5, 2]","[410000, 7760000]"
940,9150,5668036,6000,[],"[5, 5]",[]
941,7354,4735442,77000,[],"[1, 5, 5]","[2600000, 4840000]"
942,9830,3871711,8000,[1080000],[],[]
943,1586,4477865,65000,[],[5],[]
944,3800,3206910,41000,[1210000],[],"[7150000, 3910000, 730000, 1910000]"
945,4064,6047894,45000,[],"[2, 3, 3]","[8000000, 8040000]"
946,6834,6621622,54000,[500000],[],"[5200000, 2530000, 9780000]"
947,3051,7331520,17000,[1910000],"[5, 2]","[4030000, 5160000]"
948,3391,5191980,4000,[7040000],[2],"[0, 9030000, 5150000]"
949,5310,3375909,55000,[],[],[4540000]
950,8213,1045895,41000,[],"[5, 4]","[6210000, 8480000, 2000000]"
951,1656,470513,6000,[5190000],"[3, 1, 1]",[6990000]
952,2678,7964360,93000,[],"[1, 4]","[5950000, 3610000, 7510000, 4170000]"
953,4209,1673592,89000,[],"[2, 1]",[9470000]
954,9935,4213059,14000,[9300000],"[1, 1, 1]",[]
955,8180,5025045,75000,[6660000],"[3, 2]","[3280000, 9100000, 2100000, 3650000, 6200000]"
956,8210,5478385,92000,[9530000],[1],"[1800000, 9270000, 310000, 7040000, 2870000]"
957,5671,4998599,27000,[4150000],"[1, 4]","[8650000, 3120000, 590000, 8240000]"
958,9839,454017,90000,[],"[4, 1, 5]",[]
959,8019,5938419,91000,[7440000],"[1, 2]",[]
960,5219,5149893,13000,[],[2],[8780000]
961,7542,4923048,35000,[],"[3, 5, 1]","[4840000, 6450000]"
962,8460,1062097,27000,[],[5],[]
963,7820,2487629,3000,[],"[1, 4, 5]",[6670000]
964,9314,1744889,76000,[640000],"[3, 3, 2]",[2070000]
965,4856,7341646,88000,[1840000],[2],[8730000]
966,2731,6545420,44000,[],[],"[7340000, 1700000, 3100000]"
967,6016,2458953,60000,[],"[5, 4, 2]","[9540000, 1650000]"
968,6552,7798329,66000,[6260000],"[4, 3, 5]",[]
969,3671,865591,37000,[],"[5, 5]","[4910000, 1270000, 5020000]"
970,8058,3057258,33000,[3230000],[1],[]
971,9656,6706173,89000,[7230000],"[3, 4, 1]","[1330000, 1300000, 380000, 6590000]"
972,9710,5558390,79000,[],[4],"[9970000, 2250000, 0, 250000]"
973,1999,8811155,23000,[8150000],[2],"[8710000, 2400000, 5660000, 3970000, 7780000]"
974,9432,9825868,49000,[7100000],"[4, 1, 3]","[3670000, 250000, 7510000, 1240000, 5750000]"
975,6707,5045659,37000,[2870000],[],"[9090000, 9480000, 4330000, 3940000]"
976,1738,1911441,16000,[],[5],"[8180000, 9750000, 8900000, 2930000, 8750000]"
977,9619,364213,81000,[1840000],"[4, 3]","[3260000, 680000, 9080000, 870000]"
978,1187,3057631,41000,[],[3],"[2020000, 9990000, 7210000, 1930000, 3760000]"
979,4900,7104513,33000,[],"[4, 2, 4]","[6620000, 7670000, 4680000]"
980,9802,1147330,30000,[8140000],"[1, 3, 1]","[4080000, 3300000, 1300000, 4810000]"
981,1905,6799632,2000,[6110000],[],"[1550000, 4110000, 8000000, 1890000, 7890000]"
982,2508,4891710,69000,[1080000],"[1, 2]","[720000, 5630000, 1620000]"
983,2467,9030483,78000,[960000],[1],"[2750000, 600000, 4040000]"
984,1412,9441754,62000,[],"[3, 3]","[8300000, 6660000, 6480000]"
985,5276,4162496,1000,[],"[1, 1, 5]",[]
986,7138,832376,41000,[3780000],[],"[1680000, 5410000, 2820000, 5210000, 9210000]"
987,1629,5198148,64000,[1130000],"[2, 4]","[6430000, 2980000, 8370000]"
988,3592,568760,45000,[],[],"[9180000, 1790000, 4920000, 1720000, 9790000]"
989,8055,3133363,42000,[],"[3, 2]",[]
990,4105,1586933,62000,[],"[4, 4, 4]","[9220000, 2200000, 7360000, 4570000, 2530000]"
991,4983,1239166,0,[1030000],[],[2790000]
992,8322,1109025,22000,[],"[3, 4]",[]
993,8640,5202318,91000,[],"[5, 5, 2]","[410000, 590000, 1360000, 2120000]"
994,3900,9887959,0,[],"[3, 2]","[2730000, 7130000, 3890000, 3540000]"
995,3346,7070592,95000,[8360000],"[5, 1, 2]","[5590000, 230000, 3470000, 420000]"
996,7223,2592196,96000,[3440000],"[3, 3]","[3020000, 3280000, 430000]"
997,5259,2334335,31000,[7760000],[],"[4970000, 5170000, 4470000]"
998,2473,5023847,44000,[8820000],"[1, 1, 2]","[720000, 8590000, 9490000, 3170000]"
999,5457,769654,63000,[],"[4, 5, 1]",[]
